,cosponsor_name,cosponsor_party,number
0,Tom Graves,R,5472
1,Austin Scott,R,5472
2,JOHN LEWIS,D,5472
3,Rick Allen,R,5472
4,A. Ferguson,R,5472
5,Henry Johnson,D,5472
6,Barry Loudermilk,R,5472
7,David Scott,D,5472
8,Earl Carter,R,5472
9,Lucy McBath,D,5472
10,Jody Hice,R,5472
11,Doug Collins,R,5472
12,Rob Woodall,R,5472
13,Jared Huffman,D,5126
14,Steven Palazzo,R,5126
15,Joe Cunningham,D,5126
16,Francis Rooney,R,5126
17,Marc Veasey,D,5126
18,Daniel Webster,R,5126
19,Anthony Gonzalez,R,4704
20,EDDIE JOHNSON,D,4704
21,Troy Balderson,R,4704
22,Haley Stevens,D,4704
23,Josh Harder,D,4704
24,David Trone,D,4704
25,Mikie Sherrill,D,4704
26,Jennifer Wexton,D,4704
27,Conor Lamb,D,4704
28,Kendra Horn,D,4704
29,Ed Perlmutter,D,4704
30,ZOE LOFGREN,D,4704
31,Daniel Lipinski,D,4704
32,Kathleen Rice,D,4704
33,Jimmy Panetta,D,4704
34,Doug LaMalfa,R,4704
35,Ann Wagner,R,4508
36,GREGORY MEEKS,D,4508
37,Brenda Lawrence,D,4508
38,JAMES MCGOVERN,D,4508
39,Brian Fitzpatrick,R,4508
40,John Moolenaar,R,4508
41,Will Hurd,R,4508
42,Adriano Espaillat,D,4508
43,Ilhan Omar,D,4508
44,Mario Diaz-Balart,R,4508
45,Cathy Rodgers,R,4508
46,Dina Titus,D,4508
47,William Keating,D,4508
48,Tom Malinowski,D,4508
49,Vicente Gonzalez,D,4508
50,Juan Vargas,D,4508
51,David Trone,D,4508
52,Susan Brooks,R,4508
53,Aumua Amata Radewagen,R,4508
54,STEVE CHABOT,R,4508
55,Ami Bera,D,4508
56,Chrissy Houlahan,D,4508
57,Elise Stefanik,R,4508
58,David Cicilline,D,4508
59,Colin Allred,D,4508
60,Michael Turner,R,4508
61,Dean Phillips,D,4508
62,CHRISTOPHER SMITH,R,4508
63,Vicky Hartzler,R,4508
64,Abigail Spanberger,D,4508
65,Michael Waltz,R,4508
66,Van Taylor,R,4508
67,Lizzie Fletcher,D,4044
68,Garret Graves,R,4044
69,Derek Kilmer,D,4044
70,Jenniffer Gonzalez-Colon,R,4044
71,Salud Carbajal,D,4044
72,JOSE SERRANO,D,4044
73,Paul Tonko,D,4044
74,RICK LARSEN,D,4044
75,Harley Rouda,D,4044
76,Chris Pappas,D,4044
77,Joseph Kennedy,D,4044
78,Sean Maloney,D,4044
79,John Garamendi,D,4044
80,Suzan DelBene,D,4044
81,Brian Mast,R,4044
82,Andy Kim,D,4044
83,Lisa Blunt Rochester,D,4044
84,Jefferson Van Drew,D,4044
85,Charlie Crist,D,4044
86,Bradley Byrne,R,4044
87,Debbie Wasserman Schultz,D,4044
88,Vern Buchanan,R,4044
89,Bill Posey,R,4044
90,JERROLD NADLER,D,4044
91,Eric Swalwell,D,4044
92,FRANK PALLONE,D,4044
93,Chris Van Hollen,D,371
94,Angus King,I,371
95,David Perdue,R,371
96,Kyrsten Sinema,D,371
97,Thomas Tillis,R,371
98,Steve Cohen,D,3250
99,JOHN LEWIS,D,3250
100,Andre Carson,D,3250
101,ELEANOR NORTON,D,3250
102,Henry Johnson,D,3250
103,JERROLD NADLER,D,3250
104,Karen Bass,D,3250
105,Haley Stevens,D,3250
106,Debbie Wasserman Schultz,D,3250
107,Lee Zeldin,R,3250
108,Jamie Raskin,D,3250
109,Bradley Schneider,D,3250
110,JANICE SCHAKOWSKY,D,3250
111,Anthony Brown,D,3250
112,Charles Fleischmann,R,3250
113,Robin Kelly,D,3250
114,David Trone,D,3250
115,Ann Kuster,D,3250
116,Terri Sewell,D,3250
117,Susan Wild,D,3250
118,Sylvia Garcia,D,3250
119,Gerald Connolly,D,3250
120,Ed Case,D,3250
121,Robert Scott,D,3250
122,Juan Vargas,D,3250
123,Jennifer Wexton,D,3250
124,Darin LaHood,R,3250
125,Cedric Richmond,D,3250
126,Rodney Davis,R,3250
127,ZOE LOFGREN,D,3250
128,Denver Riggleman,R,3250
129,Abigail Spanberger,D,3250
130,BOBBY RUSH,D,3250
131,Donald Beyer,D,3250
132,Susan Brooks,R,3250
133,Chris Pappas,D,3250
134,Will Hurd,R,3250
135,Cheri Bustos,D,3250
136,Bill Foster,D,3250
137,A. McEachin,D,3250
138,Raja Krishnamoorthi,D,3250
139,Lauren Underwood,D,3250
140,J. Hill,R,3250
141,James Baird,R,3153
142,Madeleine Dean,D,3153
143,Gerald Connolly,D,3153
144,Brian Fitzpatrick,R,3153
145,Derek Kilmer,D,3153
146,Peter Welch,D,3153
147,Troy Balderson,R,3153
148,Matt Cartwright,D,3153
149,JAMES MCGOVERN,D,3153
150,Randy Weber,R,3153
151,Harley Rouda,D,3153
152,Haley Stevens,D,3153
153,Anthony Gonzalez,R,3153
154,Jenniffer Gonzalez-Colon,R,3153
155,David Trone,D,3153
156,Daniel Lipinski,D,3153
157,Roger Marshall,R,3153
158,Sean Casten,D,3153
159,Kendra Horn,D,3153
160,Brian Babin,R,3153
161,EDDIE JOHNSON,D,3153
162,FRANK LUCAS,R,3153
163,Mikie Sherrill,D,3153
164,Suzanne Bonamici,D,3153
165,Judy Chu,D,3153
166,ELIOT ENGEL,D,2744
167,Michael Guest,R,2744
168,BRAD SHERMAN,D,2744
169,Mark Meadows,R,2502
170,Greg Pence,R,2502
171,Greg Pence,R,2444
172,BRAD SHERMAN,D,2444
173,Tom Malinowski,D,2444
174,Dean Phillips,D,2444
175,Abigail Spanberger,D,2444
176,Van Taylor,R,2444
177,Bradley Schneider,D,221
178,ELIOT ENGEL,D,221
179,PETER KING,R,221
180,Marc Veasey,D,221
181,Lee Zeldin,R,221
182,NITA LOWEY,D,221
183,KAY GRANGER,R,221
184,Theodore Deutch,D,221
185,Brian Fitzpatrick,R,221
186,Gus Bilirakis,R,221
187,Will Hurd,R,221
188,Mark DeSaulnier,D,221
189,BRAD SHERMAN,D,221
190,Steve Cohen,D,221
191,ALCEE HASTINGS,D,221
192,Max Rose,D,221
193,Daniel Lipinski,D,221
194,David Schweikert,R,221
195,C. A. Ruppersberger,D,221
196,Donald Beyer,D,221
197,ELEANOR NORTON,D,221
198,Grace Meng,D,221
199,JANICE SCHAKOWSKY,D,221
200,Dina Titus,D,221
201,Bill Foster,D,221
202,David Cicilline,D,221
203,Charles Fleischmann,R,221
204,Thomas Suozzi,D,221
205,GRACE NAPOLITANO,D,221
206,Randy Weber,R,221
207,Lois Frankel,D,221
208,Filemon Vela,D,221
209,Kathleen Rice,D,221
210,James Himes,D,221
211,Mark Meadows,R,221
212,Donald Norcross,D,221
213,NYDIA VELAZQUEZ,D,221
214,Eric Swalwell,D,221
215,STEVE CHABOT,R,221
216,Debbie Wasserman Schultz,D,221
217,Ro Khanna,D,221
218,Scott DesJarlais,R,221
219,Albio Sires,D,221
220,Ted Lieu,D,221
221,Brenda Lawrence,D,221
222,Joseph Morelle,D,221
223,Josh Gottheimer,D,221
224,Matt Gaetz,R,221
225,John Moolenaar,R,221
226,Robin Kelly,D,221
227,Gerald Connolly,D,221
228,Derek Kilmer,D,221
229,Joe Courtney,D,221
230,Julia Brownley,D,221
231,David Joyce,R,221
232,Salud Carbajal,D,221
233,Brian Higgins,D,221
234,Ilhan Omar,D,221
235,ANNA ESHOO,D,221
236,Sean Maloney,D,221
237,Chris Stewart,R,221
238,Anthony Brown,D,221
239,Norma Torres,D,221
240,Josh Harder,D,221
241,David Kustoff,R,221
242,Brett Guthrie,R,221
243,Andy Levin,D,221
244,Seth Moulton,D,221
245,Mike Bost,R,221
246,John Rutherford,R,221
247,Matt Cartwright,D,221
248,Chris Collins,R,221
249,RON KIND,D,221
250,Bill Johnson,R,221
251,Ben Lujan,D,221
252,Michael Burgess,R,221
253,Bonnie Watson Coleman,D,221
254,Robert Latta,R,221
255,Jackie Walorski,R,221
256,Ralph Norman,R,221
257,Don Bacon,R,221
258,DAVID PRICE,D,221
259,Bob Gibbs,R,221
260,MARCY KAPTUR,D,221
261,SUSAN DAVIS,D,221
262,J. Correa,D,221
263,Vern Buchanan,R,221
264,Adriano Espaillat,D,1925
265,JERROLD NADLER,D,1925
266,NYDIA VELAZQUEZ,D,1925
267,PETER KING,R,1925
268,GREGORY MEEKS,D,1925
269,ELIOT ENGEL,D,1925
270,Max Rose,D,1925
271,Paul Tonko,D,1925
272,Thomas Suozzi,D,1925
273,Joseph Morelle,D,1925
274,Grace Meng,D,1925
275,Elise Stefanik,R,1925
276,Yvette Clarke,D,1925
277,Brian Higgins,D,1925
278,Lee Zeldin,R,1925
279,Anthony Brindisi,D,1925
280,JOSE SERRANO,D,1925
281,NITA LOWEY,D,1925
282,Chris Collins,R,1925
283,Antonio Delgado,D,1925
284,Alexandria Ocasio-Cortez,D,1925
285,Sean Maloney,D,1925
286,John Katko,R,1925
287,Tom Reed,R,1925
288,Kathleen Rice,D,1925
289,Hakeem Jeffries,D,1925
290,Anthony Gonzalez,R,1923
291,MARCY KAPTUR,D,1923
292,GRACE NAPOLITANO,D,1923
293,ELEANOR NORTON,D,1923
294,Lori Trahan,D,1923
295,Raúl Grijalva,D,1923
296,Grace Meng,D,1923
297,WILLIAM PASCRELL,D,1923
298,Jamie Raskin,D,1923
299,SANFORD BISHOP,D,1923
300,Henry Johnson,D,1923
301,SUSAN DAVIS,D,1923
302,Marcia Fudge,D,1923
303,Gwen Moore,D,1923
304,Bonnie Watson Coleman,D,1923
305,Lisa Blunt Rochester,D,1923
306,Joe Neguse,D,1923
307,G. K. Butterfield,D,1923
308,Steven Horsford,D,1923
309,Emanuel Cleaver,D,1923
310,Karen Bass,D,1923
311,Brenda Lawrence,D,1923
312,Joyce Beatty,D,1923
313,Stacey Plaskett,D,1923
314,JAMES CLYBURN,D,1923
315,Cedric Richmond,D,1923
316,BENNIE THOMPSON,D,1923
317,Donald Payne,D,1923
318,Al Lawson,D,1923
319,DANNY DAVIS,D,1923
320,Robin Kelly,D,1923
321,SHEILA JACKSON LEE,D,1923
322,Bradley Schneider,D,1923
323,Brian Fitzpatrick,R,1923
324,Madeleine Dean,D,1923
325,Ed Case,D,1923
326,Julia Brownley,D,1923
327,Pramila Jayapal,D,1923
328,PETER DEFAZIO,D,1923
329,Denny Heck,D,1923
330,Terri Sewell,D,1923
331,Mark DeSaulnier,D,1923
332,Aumua Amata Radewagen,R,1923
333,Abby Finkenauer,D,1923
334,Albio Sires,D,1923
335,Debbie Lesko,R,1923
336,Stephen Lynch,D,1923
337,ANNA ESHOO,D,1923
338,ROSA DELAURO,D,1923
339,Derek Kilmer,D,1923
340,CAROLYN MALONEY,D,1923
341,Angie Craig,D,1923
342,NYDIA VELAZQUEZ,D,1923
343,JANICE SCHAKOWSKY,D,1923
344,Steve Stivers,R,1923
345,Michael Turner,R,1923
346,Troy Balderson,R,1923
347,BETTY MCCOLLUM,D,1923
348,Kathleen Rice,D,1923
349,Liz Cheney,R,1923
350,Kathy Castor,D,1923
351,James Himes,D,1923
352,Yvette Clarke,D,1923
353,BRAD SHERMAN,D,1923
354,ZOE LOFGREN,D,1923
355,JAMES COOPER,D,1923
356,Susie Lee,D,1923
357,Ed Perlmutter,D,1923
358,Jackie Speier,D,1923
359,Josh Harder,D,1923
360,Antonio Delgado,D,1923
361,Jenniffer Gonzalez-Colon,R,1923
362,ALCEE HASTINGS,D,1923
363,Frederica Wilson,D,1923
364,Elissa Slotkin,D,1923
365,Debra Haaland,D,1923
366,Jackie Walorski,R,1923
367,Debbie Dingell,D,1923
368,Gilbert Cisneros,D,1923
369,Sean Maloney,D,1923
370,Ilhan Omar,D,1923
371,Susan Brooks,R,1923
372,MIKE THOMPSON,D,1923
373,Ayanna Pressley,D,1923
374,TJ Cox,D,1923
375,Harley Rouda,D,1923
376,LUCILLE ROYBAL-ALLARD,D,1923
377,Debbie Mucarsel-Powell,D,1923
378,Suzan DelBene,D,1923
379,Debbie Wasserman Schultz,D,1923
380,Rashida Tlaib,D,1923
381,Cathy Rodgers,R,1923
382,JAMES MCGOVERN,D,1923
383,Mark Pocan,D,1923
384,Brian Mast,R,1923
385,Earl Carter,R,1923
386,Tom Cole,R,1923
387,Daniel Lipinski,D,1923
388,Joe Courtney,D,1923
389,TIM RYAN,D,1923
390,JERROLD NADLER,D,1923
391,Adriano Espaillat,D,1923
392,Ann Kirkpatrick,D,1923
393,David Scott,D,1923
394,GREGORY MEEKS,D,1923
395,Robert Scott,D,1923
396,Andre Carson,D,1923
397,Bill Foster,D,1923
398,Darren Soto,D,1923
399,ADAM SMITH,D,1923
400,Elise Stefanik,R,1923
401,Ami Bera,D,1923
402,Jim Costa,D,1923
403,BOBBY RUSH,D,1923
404,Chellie Pingree,D,1923
405,Veronica Escobar,D,1923
406,Alexandria Ocasio-Cortez,D,1923
407,Joseph Morelle,D,1923
408,Donald Beyer,D,1923
409,Thomas Suozzi,D,1923
410,Tom Malinowski,D,1923
411,Cynthia Axne,D,1923
412,Jared Huffman,D,1923
413,Linda Sánchez,D,1923
414,Gerald Connolly,D,1923
415,John Garamendi,D,1923
416,Daniel Kildee,D,1923
417,ELIOT ENGEL,D,1923
418,DAVID PRICE,D,1923
419,JOSE SERRANO,D,1923
420,Peter Welch,D,1923
421,Alan Lowenthal,D,1923
422,Sylvia Garcia,D,1923
423,EARL BLUMENAUER,D,1923
424,Henry Cuellar,D,1923
425,Theodore Deutch,D,1923
426,Alma Adams,D,1923
427,JAMES LANGEVIN,D,1923
428,William Keating,D,1923
429,Val Demings,D,1923
430,Pete Aguilar,D,1923
431,Andy Kim,D,1923
432,Brian Higgins,D,1923
433,Suzanne Bonamici,D,1923
434,Tulsi Gabbard,D,1923
435,JOHN LARSON,D,1923
436,Sharice Davids,D,1923
437,John Yarmuth,D,1923
438,Vicente Gonzalez,D,1923
439,Stephanie Murphy,D,1923
440,Conor Lamb,D,1923
441,Josh Gottheimer,D,1923
442,Andy Levin,D,1923
443,J. Correa,D,1923
444,Paul Tonko,D,1923
445,C. A. Ruppersberger,D,1923
446,Kendra Horn,D,1923
447,Anthony Brown,D,1923
448,Dean Phillips,D,1923
449,Juan Vargas,D,1923
450,Ro Khanna,D,1923
451,Hakeem Jeffries,D,1923
452,Jesus Garcia,D,1923
453,EDDIE JOHNSON,D,1923
454,ADAM SCHIFF,D,1923
455,KEN CALVERT,R,1923
456,Elaine Luria,D,1923
457,Seth Moulton,D,1923
458,Jeff Fortenberry,R,1472
459,Don Bacon,R,1472
460,Paul Gosar,R,1418
461,GREGORY MEEKS,D,1418
462,Stephen Lynch,D,1418
463,Raúl Grijalva,D,1418
464,John Garamendi,D,1418
465,Ralph Norman,R,1418
466,Scott DesJarlais,R,1418
467,Warren Davidson,R,1418
468,Ted Yoho,R,1418
469,Andy Biggs,R,1418
470,Judy Chu,D,1418
471,A. Ferguson,R,1418
472,Bill Posey,R,1418
473,Jefferson Van Drew,D,1418
474,DON YOUNG,R,1418
475,Ted Budd,R,1418
476,Brian Fitzpatrick,R,1418
477,Bradley Byrne,R,1418
478,Tom Cole,R,1418
479,David Schweikert,R,1418
480,Steven Palazzo,R,1418
481,Bruce Westerman,R,1418
482,Austin Scott,R,1418
483,Gus Bilirakis,R,1418
484,Scott Tipton,R,1418
485,David Roe,R,1418
486,SUSAN DAVIS,D,1418
487,Earl Carter,R,1418
488,Dusty Johnson,R,1418
489,Steve Womack,R,1418
490,Matt Cartwright,D,1418
491,Debbie Wasserman Schultz,D,1418
492,JOSE SERRANO,D,1418
493,Joyce Beatty,D,1418
494,NYDIA VELAZQUEZ,D,1418
495,BETTY MCCOLLUM,D,1418
496,Derek Kilmer,D,1418
497,Sean Maloney,D,1418
498,Jamie Raskin,D,1418
499,Mark Pocan,D,1418
500,Bonnie Watson Coleman,D,1418
501,PETER VISCLOSKY,D,1418
502,Kurt Schrader,D,1418
503,LLOYD DOGGETT,D,1418
504,Ann Kuster,D,1418
505,Ro Khanna,D,1418
506,Grace Meng,D,1418
507,Ted Lieu,D,1418
508,Brian Babin,R,1418
509,JERROLD NADLER,D,1418
510,David Cicilline,D,1418
511,Roger Wicker,R,1310
512,Timothy Kaine,D,1310
513,Christopher Coons,D,4996
514,Marco Rubio,R,4996
515,Ben Cardin,D,4996
516,Marsha Blackburn,R,4996
517,Thomas Carper,D,4996
518,Cathy Rodgers,R,8906
519,Derek Kilmer,D,8810
520,Denny Heck,D,8810
521,ADAM SMITH,D,8810
522,Matt Cartwright,D,8810
523,Suzanne Bonamici,D,8810
524,Steve Cohen,D,8810
525,John Rutherford,R,8611
526,Ted Yoho,R,8611
527,Darren Soto,D,8611
528,Neal Dunn,R,8611
529,Val Demings,D,8611
530,Gus Bilirakis,R,8611
531,Daniel Webster,R,8611
532,Mario Diaz-Balart,R,8611
533,Donna Shalala,D,8611
534,Michael Waltz,R,8611
535,Stephanie Murphy,D,8611
536,Bill Posey,R,8611
537,Ross Spano,R,8611
538,Kathy Castor,D,8611
539,Vern Buchanan,R,8611
540,Matt Gaetz,R,8611
541,W. Steube,R,8611
542,Debbie Wasserman Schultz,D,8611
543,ALCEE HASTINGS,D,8611
544,Lois Frankel,D,8611
545,Charlie Crist,D,8611
546,Al Lawson,D,8611
547,Debbie Mucarsel-Powell,D,8611
548,Francis Rooney,R,8611
549,Theodore Deutch,D,8611
550,Frederica Wilson,D,8611
551,Van Taylor,R,8354
552,David Cicilline,D,8354
553,Sylvia Garcia,D,8354
554,STEVE CHABOT,R,8354
555,J. Correa,D,8354
556,JERROLD NADLER,D,8354
557,Joe Neguse,D,8354
558,Peter Welch,D,7898
559,Van Taylor,R,7898
560,Louie Gohmert,R,7810
561,Dan Crenshaw,R,7810
562,Van Taylor,R,7810
563,Lance Gooden,R,7810
564,Ron Wright,R,7810
565,Lizzie Fletcher,D,7810
566,KEVIN BRADY,R,7810
567,Al Green,D,7810
568,Michael McCaul,R,7810
569,K. Conaway,R,7810
570,KAY GRANGER,R,7810
571,WILLIAM THORNBERRY,R,7810
572,Randy Weber,R,7810
573,Vicente Gonzalez,D,7810
574,Veronica Escobar,D,7810
575,Bill Flores,R,7810
576,SHEILA JACKSON LEE,D,7810
577,Jodey Arrington,R,7810
578,Joaquin Castro,D,7810
579,Chip Roy,R,7810
580,Will Hurd,R,7810
581,Kenny Marchant,R,7810
582,Roger Williams,R,7810
583,Michael Burgess,R,7810
584,Michael Cloud,R,7810
585,Henry Cuellar,D,7810
586,Sylvia Garcia,D,7810
587,EDDIE JOHNSON,D,7810
588,John Carter,R,7810
589,Colin Allred,D,7810
590,Marc Veasey,D,7810
591,Filemon Vela,D,7810
592,LLOYD DOGGETT,D,7810
593,Brian Babin,R,7810
594,Abby Finkenauer,D,7502
595,David Loebsack,D,7502
596,Steve King,R,7502
597,COLLIN PETERSON,D,7502
598,Henry Cuellar,D,7502
599,TJ Cox,D,7502
600,Juan Vargas,D,7502
601,Jim Costa,D,7502
602,Garret Graves,R,7460
603,Haley Stevens,D,7347
604,Rashida Tlaib,D,7347
605,Daniel Kildee,D,7347
606,Andy Levin,D,7347
607,Tim Walberg,R,7347
608,Jack Bergman,R,7347
609,Paul Mitchell,R,7347
610,Justin Amash,L,7347
611,Elissa Slotkin,D,7347
612,John Moolenaar,R,7347
613,Bill Huizenga,R,7347
614,Brenda Lawrence,D,7347
615,FRED UPTON,R,7347
616,Ben Cline,R,7259
617,Henry Johnson,D,7259
618,Martha Roby,R,7259
619,Gus Bilirakis,R,7105
620,Mark Takano,D,7105
621,David Roe,R,7105
622,Chris Pappas,D,7105
623,Jim Banks,R,7105
624,Mike Bost,R,7105
625,Jack Bergman,R,7105
626,Gilbert Cisneros,D,7105
627,Julia Brownley,D,7105
628,Elaine Luria,D,7105
629,SANFORD BISHOP,D,7088
630,A. Ferguson,R,7088
631,Henry Johnson,D,7088
632,JOHN LEWIS,D,7088
633,Lucy McBath,D,7088
634,Rob Woodall,R,7088
635,Austin Scott,R,7088
636,Doug Collins,R,7088
637,Jody Hice,R,7088
638,Barry Loudermilk,R,7088
639,Rick Allen,R,7088
640,David Scott,D,7088
641,Tom Graves,R,7088
642,Markwayne Mullin,R,6535
643,Debra Haaland,D,6535
644,Derek Kilmer,D,6535
645,Tom O'Halleran,D,6535
646,Tom Cole,R,6535
647,DON YOUNG,R,6535
648,Paul Cook,R,6535
649,Salud Carbajal,D,6535
650,Greg Stanton,D,6535
651,Ro Khanna,D,6535
652,Richard Hudson,R,6435
653,Ann Kuster,D,6435
654,Lisa Blunt Rochester,D,6435
655,Brett Guthrie,R,6435
656,Xochitl Torres Small,D,6435
657,Martha Roby,R,6418
658,Mike Rogers,R,6418
659,ROBERT ADERHOLT,R,6418
660,Mo Brooks,R,6418
661,Gary Palmer,R,6418
662,Terri Sewell,D,6418
663,Markwayne Mullin,R,6237
664,Tom O'Halleran,D,6237
665,Tom Cole,R,6237
666,Kendra Horn,D,6237
667,Emanuel Cleaver,D,6192
668,Josh Gottheimer,D,6192
669,WILLIAM PASCRELL,D,6192
670,Mark Amodei,R,6192
671,Steve Stivers,R,6192
672,Bradley Schneider,D,6192
673,GREG WALDEN,R,6192
674,Jimmy Panetta,D,6192
675,FRED UPTON,R,6192
676,MIKE THOMPSON,D,6192
677,Mario Diaz-Balart,R,6192
678,John Katko,R,6192
679,FRANK LUCAS,R,6192
680,J. Hill,R,6192
681,Bill Huizenga,R,6192
682,GREGORY MEEKS,D,6192
683,Ben McAdams,D,6192
684,Guy Reschenthaler,R,6192
685,Anthony Gonzalez,R,6192
686,Jamie Raskin,D,6192
687,Matt Cartwright,D,6192
688,Virginia Foxx,R,6161
689,Ted Budd,R,6161
690,Mark Meadows,R,6161
691,Patrick McHenry,R,6161
692,George Holding,R,6161
693,Gregory Murphy,R,6161
694,G. K. Butterfield,D,6161
695,DAVID PRICE,D,6161
696,Alma Adams,D,6161
697,Dan Bishop,R,6161
698,David Rouzer,R,6161
699,Don Bacon,R,6100
700,Sylvia Garcia,D,6100
701,Andy Biggs,R,6016
702,Paul Gosar,R,6016
703,Greg Stanton,D,6016
704,Tom O'Halleran,D,6016
705,Raúl Grijalva,D,6016
706,Ann Kirkpatrick,D,6016
707,Ruben Gallego,D,6016
708,David Schweikert,R,6016
709,Norma Torres,D,5983
710,Paul Cook,R,5983
711,Gilbert Cisneros,D,5983
712,KEN CALVERT,R,5983
713,Pete Aguilar,D,5983
714,Raul Ruiz,D,5983
715,Doug LaMalfa,R,5983
716,Ro Khanna,D,5983
717,Jimmy Panetta,D,5983
718,Jerry McNerney,D,5983
719,Juan Vargas,D,5983
720,TJ Cox,D,5983
721,Alan Lowenthal,D,5983
722,ADAM SCHIFF,D,5983
723,Judy Chu,D,5983
724,MAXINE WATERS,D,5983
725,GRACE NAPOLITANO,D,5983
726,Jared Huffman,D,5983
727,Jim Costa,D,5983
728,Scott Peters,D,5983
729,Ami Bera,D,5983
730,ANNA ESHOO,D,5983
731,BRAD SHERMAN,D,5983
732,Jimmy Gomez,D,5983
733,Tom McClintock,R,5983
734,Mike Levin,D,5983
735,SUSAN DAVIS,D,5983
736,J. Correa,D,5983
737,Harley Rouda,D,5983
738,BARBARA LEE,D,5983
739,Salud Carbajal,D,5983
740,Mark DeSaulnier,D,5983
741,Josh Harder,D,5983
742,Eric Swalwell,D,5983
743,Jackie Speier,D,5983
744,John Garamendi,D,5983
745,Karen Bass,D,5983
746,Tony Cárdenas,D,5983
747,Mike Garcia,R,5983
748,Linda Sánchez,D,5983
749,Julia Brownley,D,5983
750,Katie Porter,D,5983
751,MIKE THOMPSON,D,5983
752,Nanette Barragan,D,5983
753,Ted Lieu,D,5983
754,ZOE LOFGREN,D,5983
755,Doris Matsui,D,5983
756,LUCILLE ROYBAL-ALLARD,D,5983
757,Kevin McCarthy,R,5983
758,Devin Nunes,R,5983
759,Virginia Foxx,R,5972
760,Stephen Lynch,D,5972
761,Ralph Norman,R,5972
762,WM. CLAY,D,5972
763,ELEANOR NORTON,D,5972
764,Gwen Moore,D,5972
765,Henry Johnson,D,5972
766,SUSAN DAVIS,D,5972
767,BARBARA LEE,D,5972
768,Peter Welch,D,5972
769,Donald Payne,D,5972
770,JANICE SCHAKOWSKY,D,5972
771,Debbie Dingell,D,5972
772,BOBBY RUSH,D,5972
773,Kathy Castor,D,5972
774,MAXINE WATERS,D,5972
775,Jahana Hayes,D,5972
776,ELIOT ENGEL,D,5663
777,Troy Balderson,R,5663
778,Kevin Hern,R,5597
779,Markwayne Mullin,R,5597
780,FRANK LUCAS,R,5597
781,Tom Cole,R,5597
782,Doug Lamborn,R,5459
783,Doug Lamborn,R,5458
784,Anthony Brindisi,D,5451
785,Sean Maloney,D,5451
786,Lee Zeldin,R,5451
787,Elise Stefanik,R,5451
788,Max Rose,D,5451
789,Kathleen Rice,D,5451
790,Antonio Delgado,D,5451
791,Adriano Espaillat,D,5451
792,PETER KING,R,5451
793,Grace Meng,D,5451
794,NYDIA VELAZQUEZ,D,5451
795,Paul Tonko,D,5451
796,NITA LOWEY,D,5451
797,JOSE SERRANO,D,5451
798,Brian Higgins,D,5451
799,Thomas Suozzi,D,5451
800,JERROLD NADLER,D,5451
801,Alexandria Ocasio-Cortez,D,5451
802,Joseph Morelle,D,5451
803,ELIOT ENGEL,D,5451
804,CAROLYN MALONEY,D,5451
805,Hakeem Jeffries,D,5451
806,Tom Reed,R,5451
807,GREGORY MEEKS,D,5451
808,Yvette Clarke,D,5451
809,Chris Jacobs,R,5451
810,Dan Crenshaw,R,5273
811,Elissa Slotkin,D,5273
812,Josh Harder,D,5273
813,Mark Amodei,R,5273
814,Vicente Gonzalez,D,5273
815,Kathleen Rice,D,5273
816,J. Correa,D,5273
817,Abigail Spanberger,D,5273
818,Debbie Lesko,R,5273
819,BOBBY RUSH,D,5123
820,Daniel Lipinski,D,5123
821,Sean Casten,D,5123
822,DANNY DAVIS,D,5123
823,Mike Bost,R,5123
824,Lauren Underwood,D,5123
825,Raja Krishnamoorthi,D,5123
826,Mike Quigley,D,5123
827,Darin LaHood,R,5123
828,Bill Foster,D,5123
829,Rodney Davis,R,5123
830,Bradley Schneider,D,5123
831,Adam Kinzinger,R,5123
832,JOHN SHIMKUS,R,5123
833,Jesus Garcia,D,5123
834,Robin Kelly,D,5123
835,JANICE SCHAKOWSKY,D,5123
836,STEVE CHABOT,R,5023
837,Brad Wenstrup,R,5023
838,Joyce Beatty,D,5023
839,Jim Jordan,R,5023
840,Robert Latta,R,5023
841,Bill Johnson,R,5023
842,Bob Gibbs,R,5023
843,Warren Davidson,R,5023
844,Michael Turner,R,5023
845,Marcia Fudge,D,5023
846,Troy Balderson,R,5023
847,David Joyce,R,5023
848,Steve Stivers,R,5023
849,Anthony Gonzalez,R,5023
850,MARCY KAPTUR,D,5023
851,Donald Norcross,D,4988
852,Jefferson Van Drew,D,4988
853,Josh Gottheimer,D,4988
854,Tom Malinowski,D,4988
855,WILLIAM PASCRELL,D,4988
856,Donald Payne,D,4988
857,Mikie Sherrill,D,4988
858,Bonnie Watson Coleman,D,4988
859,Albio Sires,D,4988
860,FRANK PALLONE,D,4988
861,CHRISTOPHER SMITH,R,4988
862,Ruben Gallego,D,4983
863,Paul Gosar,R,4983
864,Greg Stanton,D,4983
865,Raúl Grijalva,D,4983
866,Debbie Lesko,R,4983
867,Ann Kirkpatrick,D,4983
868,Tom O'Halleran,D,4983
869,David Schweikert,R,4983
870,Brad Wenstrup,R,4356
871,MARCY KAPTUR,D,4031
872,Bill Huizenga,R,4031
873,Debbie Dingell,D,4031
874,Mike Quigley,D,4031
875,TIM RYAN,D,4031
876,Elise Stefanik,R,4031
877,Brian Higgins,D,4031
878,BOBBY RUSH,D,4031
879,Daniel Kildee,D,4031
880,Gwen Moore,D,4031
881,Sean Casten,D,4031
882,Joseph Morelle,D,4031
883,John Katko,R,4031
884,PETER VISCLOSKY,D,4031
885,Andre Carson,D,4031
886,Paul Mitchell,R,4031
887,Anthony Gonzalez,R,4031
888,Steve Stivers,R,4031
889,Chris Collins,R,4031
890,JANICE SCHAKOWSKY,D,4031
891,Marcia Fudge,D,4031
892,FRED UPTON,R,4031
893,Tom Reed,R,4031
894,Bradley Schneider,D,4031
895,Pete Stauber,R,4031
896,Bob Gibbs,R,4031
897,Jackie Walorski,R,4031
898,Mike Gallagher,R,4031
899,Andy Levin,D,4031
900,Tim Walberg,R,4031
901,RON KIND,D,4031
902,Raja Krishnamoorthi,D,4031
903,Bill Foster,D,4031
904,Brenda Lawrence,D,4031
905,BETTY MCCOLLUM,D,4031
906,John Moolenaar,R,4031
907,Jack Bergman,R,4031
908,Michael Turner,R,4031
909,Mike Kelly,R,4031
910,F. SENSENBRENNER,R,4031
911,Elissa Slotkin,D,4031
912,Rashida Tlaib,D,4031
913,Daniel Lipinski,D,4031
914,Antonio Delgado,D,4031
915,Glenn Grothman,R,4031
916,Haley Stevens,D,4031
917,Bryan Steil,R,4031
918,Angie Craig,D,4031
919,Bill Johnson,R,4031
920,Jack Bergman,R,3976
921,Bill Huizenga,R,3976
922,Justin Amash,I,3976
923,John Moolenaar,R,3976
924,Daniel Kildee,D,3976
925,FRED UPTON,R,3976
926,Tim Walberg,R,3976
927,Elissa Slotkin,D,3976
928,Andy Levin,D,3976
929,Paul Mitchell,R,3976
930,Haley Stevens,D,3976
931,Debbie Dingell,D,3976
932,Rashida Tlaib,D,3976
933,Steve Cohen,D,3976
934,Van Taylor,R,3976
935,David Roe,R,2468
936,ELEANOR NORTON,D,2468
937,Brian Fitzpatrick,R,2468
938,TJ Cox,D,2468
939,Susan Wild,D,2468
940,Ro Khanna,D,2468
941,Gwen Moore,D,2468
942,Ayanna Pressley,D,2468
943,Mary Scanlon,D,2468
944,Mark Pocan,D,2468
945,Peter Welch,D,2468
946,Yvette Clarke,D,2468
947,BOBBY RUSH,D,2468
948,Paul Tonko,D,2468
949,SUSAN DAVIS,D,2468
950,Tony Cárdenas,D,2468
951,Vicente Gonzalez,D,2468
952,Adam Kinzinger,R,2468
953,JANICE SCHAKOWSKY,D,2468
954,Chris Collins,R,2468
955,ELIOT ENGEL,D,2468
956,Nanette Barragan,D,2468
957,DIANA DEGETTE,D,2468
958,DON YOUNG,R,2468
959,JOSE SERRANO,D,2468
960,Kathy Castor,D,2468
961,Max Rose,D,2468
962,ELIJAH CUMMINGS,D,2468
963,EDDIE JOHNSON,D,2468
964,JERROLD NADLER,D,2468
965,ALCEE HASTINGS,D,2468
966,Ben Lujan,D,2468
967,G. K. Butterfield,D,2468
968,Josh Harder,D,2468
969,Daniel Lipinski,D,2468
970,Jamie Raskin,D,2468
971,Lisa Blunt Rochester,D,2468
972,Cynthia Axne,D,2468
973,Robin Kelly,D,2468
974,Doris Matsui,D,2468
975,Joyce Beatty,D,2468
976,NYDIA VELAZQUEZ,D,2468
977,Thomas Suozzi,D,2468
978,William Keating,D,2468
979,Chris Pappas,D,2468
980,Juan Vargas,D,2468
981,Jefferson Van Drew,R,2468
982,John Sarbanes,D,1966
983,C. A. Ruppersberger,D,1966
984,Marcia Fudge,D,1966
985,EDDIE JOHNSON,D,1966
986,Donald Payne,D,1966
987,Robin Kelly,D,1966
988,BOBBY RUSH,D,1966
989,WM. CLAY,D,1966
990,Emanuel Cleaver,D,1966
991,Jahana Hayes,D,1966
992,G. K. Butterfield,D,1966
993,Cedric Richmond,D,1966
994,BENNIE THOMPSON,D,1966
995,JAMES CLYBURN,D,1966
996,Robert Scott,D,1966
997,SHEILA JACKSON LEE,D,1966
998,Henry Johnson,D,1966
999,Frederica Wilson,D,1966
1000,Steven Horsford,D,1966
1001,Tony Cárdenas,D,1966
1002,Kathy Castor,D,1966
1003,Darren Soto,D,1966
1004,Lisa Blunt Rochester,D,1966
1005,JANICE SCHAKOWSKY,D,1966
1006,Val Demings,D,1966
1007,Jackie Speier,D,1966
1008,Tom O'Halleran,D,1966
1009,LUCILLE ROYBAL-ALLARD,D,1966
1010,Vicente Gonzalez,D,1966
1011,Dwight Evans,D,1966
1012,ELEANOR NORTON,D,1966
1013,Juan Vargas,D,1966
1014,Lauren Underwood,D,1966
1015,Mary Scanlon,D,1966
1016,Van Taylor,R,1966
1017,Mike Levin,D,1966
1018,Karen Bass,D,1966
1019,David McKinley,R,1966
1020,Markwayne Mullin,R,1966
1021,Andy Levin,D,1966
1022,ALCEE HASTINGS,D,1966
1023,Abigail Spanberger,D,1966
1024,Joaquin Castro,D,1966
1025,Thomas Suozzi,D,1966
1026,Jimmy Panetta,D,1966
1027,Brian Higgins,D,1966
1028,Terri Sewell,D,1966
1029,Suzanne Bonamici,D,1966
1030,Suzan DelBene,D,1966
1031,SUSAN DAVIS,D,1966
1032,Ruben Gallego,D,1966
1033,Joseph Kennedy,D,1966
1034,Chris Pappas,D,1966
1035,Daniel Meuser,R,1966
1036,Gwen Moore,D,1966
1037,Linda Sánchez,D,1966
1038,David Trone,D,1966
1039,Elaine Luria,D,1966
1040,Abby Finkenauer,D,1966
1041,COLLIN PETERSON,D,1966
1042,Stephen Lynch,D,1966
1043,BRAD SHERMAN,D,1966
1044,Raúl Grijalva,D,1966
1045,Brian Fitzpatrick,R,1966
1046,Ann Kuster,D,1966
1047,Josh Gottheimer,D,1966
1048,Raja Krishnamoorthi,D,1966
1049,Bradley Schneider,D,1966
1050,Rodney Davis,R,1966
1051,Joseph Morelle,D,1966
1052,John Moolenaar,R,1966
1053,Kevin Hern,R,1966
1054,Anthony Gonzalez,R,1966
1055,Stephanie Murphy,D,1966
1056,Donald Norcross,D,1966
1057,Grace Meng,D,1966
1058,Andy Kim,D,1966
1059,Steve Cohen,D,1966
1060,Raul Ruiz,D,1503
1061,BOBBY RUSH,D,1503
1062,FRANK PALLONE,D,1503
1063,Debbie Dingell,D,1503
1064,ANNA ESHOO,D,1503
1065,Joseph Kennedy,D,1503
1066,Doris Matsui,D,1503
1067,Angie Craig,D,1503
1068,Yvette Clarke,D,1503
1069,Jefferson Van Drew,D,1503
1070,GREG WALDEN,R,1503
1071,JANICE SCHAKOWSKY,D,1503
1072,Debbie Mucarsel-Powell,D,1503
1073,Aumua Amata Radewagen,R,1240
1074,Seth Moulton,D,1240
1075,Jared Golden,D,1240
1076,Chellie Pingree,D,1240
1077,Derek Kilmer,D,1240
1078,Chris Pappas,D,1240
1079,Jared Huffman,D,1240
1080,Jefferson Van Drew,D,1240
1081,Darren Soto,D,1240
1082,Al Lawson,D,1240
1083,Cedric Richmond,D,1240
1084,Suzanne Bonamici,D,1240
1085,WILLIAM THORNBERRY,R,6395
1086,Ron Johnson,R,3418
1087,James Lankford,R,3418
1088,Debbie Stabenow,D,3418
1089,Charles Schumer,D,3418
1090,Amy Klobuchar,D,3418
1091,Shelley Capito,R,906
1092,Christopher Coons,D,906
1093,Richard Blumenthal,D,906
1094,Kamala Harris,D,906
1095,Ben Cardin,D,684
1096,Todd Young,R,684
1097,James Lankford,R,684
1098,Marco Rubio,R,684
1099,Edward Markey,D,684
1100,Christopher Coons,D,684
1101,Chris Van Hollen,D,684
1102,Tammy Baldwin,D,684
1103,Richard Durbin,D,684
1104,Mark Warner,D,684
1105,Jeff Merkley,D,684
1106,Timothy Kaine,D,684
1107,Dan Sullivan,R,684
1108,Ted Cruz,R,684
1109,Cory Booker,D,684
1110,Sherrod Brown,D,684
1111,Amy Klobuchar,D,684
1112,Tina Smith,D,684
1113,Christopher Murphy,D,684
1114,James Risch,R,406
1115,Edward Markey,D,406
1116,Cory Gardner,R,406
1117,Jeff Merkley,D,406
1118,Mitch McConnell,R,3985
1119,John Cornyn,R,3985
1120,Lindsey Graham,R,3985
1121,Shelley Capito,R,3985
1122,Ben Sasse,R,3985
1123,James Lankford,R,3985
1124,Lamar Alexander,R,3985
1125,Martha McSally,R,3985
1126,Thomas Tillis,R,3985
1127,Mike Braun,R,3985
1128,PAT ROBERTS,R,3985
1129,Richard Burr,R,3985
1130,Kevin Cramer,R,3985
1131,Marco Rubio,R,3985
1132,John Thune,R,3985
1133,Roger Wicker,R,3985
1134,Steve Daines,R,3985
1135,Roy Blunt,R,3985
1136,Jim Inhofe,R,3985
1137,John Hoeven,R,3985
1138,Susan Collins,R,3985
1139,Mike Crapo,R,3985
1140,Joni Ernst,R,3985
1141,Deb Fischer,R,3985
1142,Todd Young,R,3985
1143,John Boozman,R,3985
1144,Mitt Romney,R,3985
1145,James Risch,R,3985
1146,Charles Grassley,R,3985
1147,Rob Portman,R,3985
1148,Cory Gardner,R,3985
1149,MICHAEL ENZI,R,3985
1150,Tom Cotton,R,3985
1151,Richard Shelby,R,3985
1152,Kelly Loeffler,R,3985
1153,Mike Rounds,R,3985
1154,John Kennedy,R,3985
1155,John Barrasso,R,3985
1156,David Perdue,R,3985
1157,Marsha Blackburn,R,3985
1158,Cindy Hyde-Smith,R,3985
1159,Bill Cassidy,R,3985
1160,Ron Johnson,R,3985
1161,Jerry Moran,R,3985
1162,Ted Cruz,R,3985
1163,Dan Sullivan,R,3985
1164,Lisa Murkowski,R,3985
1165,Patrick Toomey,R,3985
1166,Ron Johnson,R,979
1167,Gary Peters,D,979
1168,Thomas Tillis,R,979
1169,James Lankford,R,979
1170,Maggie Hassan,D,979
1171,Maria Cantwell,D,914
1172,Dan Sullivan,R,914
1173,Amy Klobuchar,D,914
1174,Christopher Coons,D,461
1175,David Perdue,R,461
1176,Doug Jones,D,461
1177,Roger Wicker,R,461
1178,Kamala Harris,D,461
1179,Marsha Blackburn,R,461
1180,Timothy Kaine,D,461
1181,Cindy Hyde-Smith,R,461
1182,Chris Van Hollen,D,461
1183,Thomas Tillis,R,461
1184,Cory Booker,D,461
1185,Amy Klobuchar,D,461
1186,Elizabeth Warren,D,461
1187,Bernard Sanders,I,461
1188,Mike Braun,R,461
1189,Bob Casey,D,3989
1190,Richard Blumenthal,D,3312
1191,Dianne Feinstein,D,3312
1192,Thomas Tillis,R,3312
1193,John Thune,R,2730
1194,PAT ROBERTS,R,2730
1195,Chris Van Hollen,D,2683
1196,Johnny Isakson,R,2683
1197,Tina Smith,D,2683
1198,Mike Braun,R,2683
1199,Doug Jones,D,2683
1200,Marsha Blackburn,R,2216
1201,Martha McSally,R,2216
1202,Timothy Kaine,D,2216
1203,Jacklyn Rosen,D,2216
1204,Jerry Moran,R,2216
1205,Susan Collins,R,2216
1206,Kyrsten Sinema,D,2216
1207,Lisa Murkowski,R,2216
1208,Doug Jones,D,2216
1209,Amy Klobuchar,D,2216
1210,Richard Durbin,D,2216
1211,Jeff Merkley,D,2216
1212,Lamar Alexander,R,2216
1213,Catherine Cortez Masto,D,2216
1214,Mike Rounds,R,2216
1215,Richard Blumenthal,D,2216
1216,Cory Gardner,R,2216
1217,Maggie Hassan,D,2216
1218,Kamala Harris,D,2174
1219,Thomas Tillis,R,2174
1220,TOM UDALL,D,2174
1221,Rob Portman,R,1869
1222,Ted Cruz,R,1694
1223,Sherrod Brown,D,1694
1224,Richard Blumenthal,D,1694
1225,Edward Markey,D,1694
1226,Shelley Capito,R,1694
1227,Todd Young,R,1342
1228,Rob Portman,R,1342
1229,Johnny Isakson,R,1130
1230,Sherrod Brown,D,1130
1231,Doug Jones,D,1130
1232,Jacklyn Rosen,D,1130
1233,Chris Van Hollen,D,1130
1234,Debbie Stabenow,D,1130
1235,Christopher Murphy,D,1130
1236,Tina Smith,D,1130
1237,Patty Murray,D,1130
1238,Dan Sullivan,R,1130
1239,Eric Swalwell,D,2678
1240,Theodore Deutch,D,2678
1241,ELEANOR NORTON,D,2678
1242,JANICE SCHAKOWSKY,D,2678
1243,Donald Beyer,D,2678
1244,Steve Cohen,D,2678
1245,Joseph Morelle,D,2678
1246,Joseph Kennedy,D,2678
1247,Jamie Raskin,D,2678
1248,Denny Heck,D,2678
1249,Donald Payne,D,2678
1250,MIKE THOMPSON,D,2678
1251,Mike Quigley,D,2678
1252,ANNA ESHOO,D,2678
1253,Henry Johnson,D,2678
1254,Alan Lowenthal,D,2678
1255,Ted Lieu,D,2678
1256,ZOE LOFGREN,D,2678
1257,EARL BLUMENAUER,D,2678
1258,PETER DEFAZIO,D,2678
1259,SHEILA JACKSON LEE,D,2678
1260,Mary Scanlon,D,2678
1261,RICHARD NEAL,D,2678
1262,David Cicilline,D,2678
1263,Veronica Escobar,D,2678
1264,Michael San Nicolas,D,8169
1265,Vicente Gonzalez,D,8169
1266,Greg Stanton,D,8169
1267,David Cicilline,D,8169
1268,Steve Cohen,D,8169
1269,Elise Stefanik,R,2328
1270,Eric Swalwell,D,2328
1271,Adriano Espaillat,D,2328
1272,Tulsi Gabbard,D,2328
1273,Ilhan Omar,D,2328
1274,BETTY MCCOLLUM,D,2328
1275,ADAM SMITH,D,2328
1276,Ro Khanna,D,2328
1277,Steve Cohen,D,2328
1278,Raúl Grijalva,D,2328
1279,Joe Courtney,D,2328
1280,Vicky Hartzler,R,2328
1281,Debbie Mucarsel-Powell,D,2328
1282,Pramila Jayapal,D,2328
1283,Ann Kuster,D,2328
1284,SUSAN DAVIS,D,2328
1285,BOBBY RUSH,D,2328
1286,Daniel Lipinski,D,2328
1287,ELIOT ENGEL,D,2328
1288,ADAM SCHIFF,D,2328
1289,David Cicilline,D,2328
1290,JOSE SERRANO,D,2328
1291,RICK LARSEN,D,2328
1292,Raja Krishnamoorthi,D,2328
1293,Scott Peters,D,2328
1294,BARBARA LEE,D,2328
1295,Derek Kilmer,D,2328
1296,Kurt Schrader,D,2328
1297,Michael Turner,R,2328
1298,PETER KING,R,2328
1299,John Yarmuth,D,2328
1300,Filemon Vela,D,2328
1301,Denny Heck,D,2328
1302,Doug LaMalfa,R,2328
1303,DON YOUNG,R,2328
1304,Antonio Delgado,D,2328
1305,Scott Tipton,R,2328
1306,EDDIE JOHNSON,D,2328
1307,ALCEE HASTINGS,D,2328
1308,Albio Sires,D,2328
1309,Lisa Blunt Rochester,D,2328
1310,Jack Bergman,R,2328
1311,Bonnie Watson Coleman,D,2328
1312,Henry Johnson,D,2328
1313,Tom Cole,R,2328
1314,Jimmy Gomez,D,2328
1315,Robin Kelly,D,2328
1316,Kathleen Rice,D,2328
1317,Lee Zeldin,R,2328
1318,Dan Newhouse,R,2328
1319,Rodney Davis,R,2328
1320,Yvette Clarke,D,2328
1321,PETER DEFAZIO,D,2328
1322,JERROLD NADLER,D,2328
1323,GREGORY MEEKS,D,2328
1324,Steve Stivers,R,2328
1325,CAROLYN MALONEY,D,2328
1326,Max Rose,D,2328
1327,Doug Lamborn,R,2328
1328,Troy Balderson,R,2328
1329,Charles Fleischmann,R,2328
1330,Ruben Gallego,D,2328
1331,JANICE SCHAKOWSKY,D,2328
1332,Peter Welch,D,2328
1333,NITA LOWEY,D,2328
1334,Alexandria Ocasio-Cortez,D,2328
1335,Sean Maloney,D,2328
1336,Karen Bass,D,2328
1337,Ralph Norman,R,2328
1338,Mark Takano,D,2328
1339,Ben Lujan,D,2328
1340,Jamie Raskin,D,2328
1341,Judy Chu,D,2328
1342,Andy Levin,D,2328
1343,Debbie Dingell,D,2328
1344,Chellie Pingree,D,2328
1345,Ted Lieu,D,2328
1346,Xochitl Torres Small,D,2328
1347,Mark DeSaulnier,D,2328
1348,John Katko,R,2328
1349,Gregorio Sablan,D,2328
1350,LUCILLE ROYBAL-ALLARD,D,2328
1351,Rob Bishop,R,2328
1352,H. Griffith,R,2328
1353,Aumua Amata Radewagen,R,2328
1354,Mike Bost,R,2328
1355,GREG WALDEN,R,2328
1356,Greg Stanton,D,2328
1357,J. Correa,D,2328
1358,ZOE LOFGREN,D,2328
1359,John Curtis,R,2328
1360,Alan Lowenthal,D,2328
1361,Elissa Slotkin,D,2328
1362,Abby Finkenauer,D,2328
1363,Bill Foster,D,2328
1364,JAMES LANGEVIN,D,2328
1365,Cheri Bustos,D,2328
1366,MARCY KAPTUR,D,2328
1367,Chris Stewart,R,2328
1368,Jared Huffman,D,2328
1369,Bradley Schneider,D,2328
1370,Ben McAdams,D,2328
1371,NYDIA VELAZQUEZ,D,2328
1372,SHEILA JACKSON LEE,D,2328
1373,Darren Soto,D,2328
1374,JAMES COOPER,D,2328
1375,Austin Scott,R,2328
1376,Lauren Underwood,D,2328
1377,Anthony Brindisi,D,2328
1378,Pete Stauber,R,2328
1379,Emanuel Cleaver,D,2328
1380,COLLIN PETERSON,D,2328
1381,Jerry McNerney,D,2328
1382,William Keating,D,2328
1383,Abigail Spanberger,D,2328
1384,Ed Perlmutter,D,2328
1385,Pete Aguilar,D,2328
1386,TJ Cox,D,2328
1387,Josh Harder,D,2328
1388,Kendra Horn,D,2328
1389,DAVID PRICE,D,2328
1390,Carol Miller,R,2328
1391,Jefferson Van Drew,D,2328
1392,Brian Fitzpatrick,R,2328
1393,Gilbert Cisneros,D,2328
1394,JOHN LARSON,D,2328
1395,Val Demings,D,2328
1396,Jahana Hayes,D,2328
1397,David Cicilline,D,9059
1398,Ted Budd,R,9066
1399,Jon Tester,D,900
1400,John Barrasso,R,4684
1401,Thomas Carper,D,4684
1402,Tammy Baldwin,D,4126
